name,location,id,date,season
NewYork_635_1996.06,NewYork,635,1996.06,1995-1996
NewYork_374_2005.01,NewYork,374,2005.01,2004-2005
NewYork_362_2004.96,NewYork,362,2004.96,2004-2005
NewYork_82_2002.01,NewYork,82,2002.01,2001-2002
NewYork_585_1997.08,NewYork,585,1997.08,1996-1997
NewYork_600_1996.99,NewYork,600,1996.99,1996-1997
NewYork_478_2003.91,NewYork,478,2003.91,2003-2004
NewYork_466_2004.93,NewYork,466,2004.93,2004-2005
NewYork_559_1996.92,NewYork,559,1996.92,1996-1997
NewYork_189_1999.99,NewYork,189,1999.99,1999-2000
NewYork_C4_2002.11,NewYork,C4,2002.11,2001-2002
NewYork_738_1994.11,NewYork,738,1994.11,1993-1994
NewYork_726_1994.12,NewYork,726,1994.12,1993-1994
NewYork_75_2002.14,NewYork,75,2002.14,2001-2002
NewYork_336_1999.17,NewYork,336,1999.17,1998-1999
NewYork_141_1999.87,NewYork,141,1999.87,1999-2000
NewYork_19_2003.98,NewYork,19,2003.98,2003-2004
NewYork_269_2003.93,NewYork,269,2003.93,2003-2004
NewYork_722_1994.18,NewYork,722,1994.18,1993-1994
NewYork_204_2003.64,NewYork,204,2003.64,2003-2004
NewYork_423_1999.98,NewYork,423,1999.98,1999-2000
NewYork_697_1995.13,NewYork,697,1995.13,1994-1995
NewYork_706_1994.01,NewYork,706,1994.01,1993-1994
NewYork_15_2003.88,NewYork,15,2003.88,2003-2004
NewYork_748_1994.06,NewYork,748,1994.06,1993-1994
NewYork_672_1995.06,NewYork,672,1995.06,1994-1995
NewYork_116_2002.1,NewYork,116,2002.1,2001-2002
NewYork_325_1999.17,NewYork,325,1999.17,1998-1999
NewYork_21_2003.92,NewYork,21,2003.92,2003-2004
NewYork_353_2004.87,NewYork,353,2004.87,2004-2005
NewYork_658_1995.16,NewYork,658,1995.16,1994-1995
NewYork_39_2003.95,NewYork,39,2003.95,2003-2004
NewYork_437_2000.05,NewYork,437,2000.05,1999-2000
NewYork_513_1998,NewYork,513,1998,1997-1998
NewYork_138_1999.77,NewYork,138,1999.77,1999-2000
NewYork_587_1996.9,NewYork,587,1996.9,1996-1997
NewYork_289_1998.94,NewYork,289,1998.94,1998-1999
NewYork_582_1996.94,NewYork,582,1996.94,1996-1997
NewYork_352_2005.03,NewYork,352,2005.03,2004-2005
NewYork_511_1997.98,NewYork,511,1997.98,1997-1998
NewYork_135_2002.14,NewYork,135,2002.14,2001-2002
NewYork_59_2003.98,NewYork,59,2003.98,2003-2004
NewYork_380_2005.01,NewYork,380,2005.01,2004-2005
NewYork_704_1994.02,NewYork,704,1994.02,1993-1994
NewYork_577_1997,NewYork,577,1997,1996-1997
NewYork_206_2005.07,NewYork,206,2005.07,2004-2005
NewYork_147_1999.91,NewYork,147,1999.91,1999-2000
NewYork_351_2004.87,NewYork,351,2004.87,2004-2005
NewYork_1_2003.84,NewYork,1,2003.84,2003-2004
NewYork_364_2005.01,NewYork,364,2005.01,2004-2005
NewYork_601_1996.96,NewYork,601,1996.96,1996-1997
NewYork_90_2002.12,NewYork,90,2002.12,2001-2002
NewYork_703_1995.08,NewYork,703,1995.08,1994-1995
NewYork_564_1997.02,NewYork,564,1997.02,1996-1997
NewYork_458_1999.08,NewYork,458,1999.08,1998-1999
NewYork_266_1999.36,NewYork,266,1999.36,1998-1999
NewYork_251_1999.01,NewYork,251,1999.01,1998-1999
NewYork_538_1998.12,NewYork,538,1998.12,1997-1998
NewYork_719_1994.07,NewYork,719,1994.07,1993-1994
NewYork_566_1997.06,NewYork,566,1997.06,1996-1997
NewYork_187_2000.09,NewYork,187,2000.09,1999-2000
NewYork_161_1999.98,NewYork,161,1999.98,1999-2000
NewYork_386_2005,NewYork,386,2005,2004-2005
NewYork_702_1995.04,NewYork,702,1995.04,1994-1995
NewYork_123_2004.98,NewYork,123,2004.98,2004-2005
NewYork_597_1997.03,NewYork,597,1997.03,1996-1997
NewYork_503_1997.93,NewYork,503,1997.93,1997-1998
NewYork_534_1998.1,NewYork,534,1998.1,1997-1998
NewYork_567_1996.95,NewYork,567,1996.95,1996-1997
NewYork_395_2005.09,NewYork,395,2005.09,2004-2005
NewYork_455_1999.05,NewYork,455,1999.05,1998-1999
NewYork_686_1995.1,NewYork,686,1995.1,1994-1995
NewYork_282_1999.13,NewYork,282,1999.13,1998-1999
NewYork_708_1994.04,NewYork,708,1994.04,1993-1994
NewYork_237_2004.98,NewYork,237,2004.98,2004-2005
NewYork_558_1997.03,NewYork,558,1997.03,1996-1997
NewYork_668_1995.15,NewYork,668,1995.15,1994-1995
NewYork_425_1999.98,NewYork,425,1999.98,1999-2000
NewYork_746_1994.16,NewYork,746,1994.16,1993-1994
NewYork_525_1998.19,NewYork,525,1998.19,1997-1998
NewYork_131_2002,NewYork,131,2002,2001-2002
NewYork_724_1994.09,NewYork,724,1994.09,1993-1994
NewYork_277_1999.04,NewYork,277,1999.04,1998-1999
NewYork_202_2003.28,NewYork,202,2003.28,2002-2003
NewYork_264_1999.19,NewYork,264,1999.19,1998-1999
NewYork_707_1994.13,NewYork,707,1994.13,1993-1994
NewYork_691_1995.02,NewYork,691,1995.02,1994-1995
NewYork_612_1995.98,NewYork,612,1995.98,1995-1996
NewYork_194_2003.12,NewYork,194,2003.12,2002-2003
NewYork_163_1999.99,NewYork,163,1999.99,1999-2000
NewYork_318_1999.11,NewYork,318,1999.11,1998-1999
NewYork_414_2002.14,NewYork,414,2002.14,2001-2002
NewYork_224_1999.01,NewYork,224,1999.01,1998-1999
NewYork_244_2005,NewYork,244,2005,2004-2005
NewYork_385_2005.01,NewYork,385,2005.01,2004-2005
NewYork_689_1995.07,NewYork,689,1995.07,1994-1995
NewYork_64_2004.01,NewYork,64,2004.01,2003-2004
NewYork_700_1995.14,NewYork,700,1995.14,1994-1995
NewYork_373_2005.17,NewYork,373,2005.17,2004-2005
NewYork_673_1995.07,NewYork,673,1995.07,1994-1995
NewYork_476_2003.98,NewYork,476,2003.98,2003-2004
NewYork_528_1998.04,NewYork,528,1998.04,1997-1998
NewYork_545_1998,NewYork,545,1998,1997-1998
NewYork_533_1998.1,NewYork,533,1998.1,1997-1998
NewYork_334_2004.99,NewYork,334,2004.99,2004-2005
NewYork_502_1998.23,NewYork,502,1998.23,1997-1998
NewYork_126_2002.18,NewYork,126,2002.18,2001-2002
NewYork_197_2003.22,NewYork,197,2003.22,2002-2003
NewYork_743_1994.03,NewYork,743,1994.03,1993-1994
NewYork_83_2001.98,NewYork,83,2001.98,2001-2002
NewYork_531_1998.16,NewYork,531,1998.16,1997-1998
NewYork_698_1995.1,NewYork,698,1995.1,1994-1995
NewYork_699_1995.12,NewYork,699,1995.12,1994-1995
NewYork_102_2002.08,NewYork,102,2002.08,2001-2002
NewYork_137_1999.78,NewYork,137,1999.78,1999-2000
NewYork_327_1999.24,NewYork,327,1999.24,1998-1999
NewYork_63_2004.01,NewYork,63,2004.01,2003-2004
NewYork_542_1998.15,NewYork,542,1998.15,1997-1998
NewYork_254_1999.02,NewYork,254,1999.02,1998-1999
NewYork_252_1999.05,NewYork,252,1999.05,1998-1999
NewYork_358_2004.94,NewYork,358,2004.94,2004-2005
NewYork_70_2004.04,NewYork,70,2004.04,2003-2004
NewYork_721_1994.05,NewYork,721,1994.05,1993-1994
NewYork_396_2005.19,NewYork,396,2005.19,2004-2005
NewYork_718_1994.12,NewYork,718,1994.12,1993-1994
NewYork_557_1996.91,NewYork,557,1996.91,1996-1997
NewYork_661_1994.97,NewYork,661,1994.97,1994-1995
NewYork_319_2004.88,NewYork,319,2004.88,2004-2005
NewYork_401_2001.91,NewYork,401,2001.91,2001-2002
NewYork_720_1994.08,NewYork,720,1994.08,1993-1994
NewYork_675_1995.08,NewYork,675,1995.08,1994-1995
NewYork_270_2003.9,NewYork,270,2003.9,2003-2004
NewYork_412_2002.11,NewYork,412,2002.11,2001-2002
NewYork_366_2004.99,NewYork,366,2004.99,2004-2005
NewYork_329_1999.1,NewYork,329,1999.1,1998-1999
NewYork_268_2003.93,NewYork,268,2003.93,2003-2004
NewYork_420_2002.1,NewYork,420,2002.1,2001-2002
NewYork_122_2002.24,NewYork,122,2002.24,2001-2002
NewYork_536_1998.11,NewYork,536,1998.11,1997-1998
NewYork_105_2002.12,NewYork,105,2002.12,2001-2002
NewYork_71_2001.91,NewYork,71,2001.91,2001-2002
NewYork_742_1994.04,NewYork,742,1994.04,1993-1994
NewYork_120_2002.16,NewYork,120,2002.16,2001-2002
NewYork_750_1994.08,NewYork,750,1994.08,1993-1994
NewYork_459_1999.08,NewYork,459,1999.08,1998-1999
NewYork_591_1996.99,NewYork,591,1996.99,1996-1997
NewYork_156_2000.03,NewYork,156,2000.03,1999-2000
NewYork_30_2003.94,NewYork,30,2003.94,2003-2004
NewYork_393_2005.25,NewYork,393,2005.25,2004-2005
NewYork_35_2003.95,NewYork,35,2003.95,2003-2004
NewYork_41_2003.96,NewYork,41,2003.96,2003-2004
NewYork_53_2003.96,NewYork,53,2003.96,2003-2004
NewYork_735_1994.05,NewYork,735,1994.05,1993-1994
NewYork_92_2002.07,NewYork,92,2002.07,2001-2002
NewYork_284_1999.2,NewYork,284,1999.2,1998-1999
NewYork_403_2002.03,NewYork,403,2002.03,2001-2002
NewYork_609_1995.98,NewYork,609,1995.98,1995-1996
NewYork_142_2000.12,NewYork,142,2000.12,1999-2000
NewYork_127_2002.02,NewYork,127,2002.02,2001-2002
NewYork_315_1999.03,NewYork,315,1999.03,1998-1999
NewYork_155_1999.95,NewYork,155,1999.95,1999-2000
NewYork_89_2002.05,NewYork,89,2002.05,2001-2002
NewYork_36_2003.96,NewYork,36,2003.96,2003-2004
NewYork_256_1999.01,NewYork,256,1999.01,1998-1999
NewYork_134_2002.03,NewYork,134,2002.03,2001-2002
NewYork_517_1998.02,NewYork,517,1998.02,1997-1998
NewYork_177_1999.83,NewYork,177,1999.83,1999-2000
NewYork_321_1999.06,NewYork,321,1999.06,1998-1999
NewYork_100_2002.08,NewYork,100,2002.08,2001-2002
NewYork_258_2005.07,NewYork,258,2005.07,2004-2005
NewYork_166_2000,NewYork,166,2000,1999-2000
NewYork_594_1996.9,NewYork,594,1996.9,1996-1997
NewYork_173_2000.11,NewYork,173,2000.11,1999-2000
NewYork_210_2005.15,NewYork,210,2005.15,2004-2005
NewYork_402_2002.01,NewYork,402,2002.01,2001-2002
NewYork_119_2002.1,NewYork,119,2002.1,2001-2002
NewYork_132_2002.09,NewYork,132,2002.09,2001-2002
NewYork_17_2003.9,NewYork,17,2003.9,2003-2004
NewYork_514_1998.05,NewYork,514,1998.05,1997-1998
NewYork_381_2005.01,NewYork,381,2005.01,2004-2005
NewYork_729_1994.17,NewYork,729,1994.17,1993-1994
NewYork_695_1995.18,NewYork,695,1995.18,1994-1995
NewYork_416_2002.18,NewYork,416,2002.18,2001-2002
NewYork_145_1999.87,NewYork,145,1999.87,1999-2000
NewYork_333_1999.15,NewYork,333,1999.15,1998-1999
NewYork_573_1996.99,NewYork,573,1996.99,1996-1997
NewYork_606_1995.92,NewYork,606,1995.92,1995-1996
NewYork_326_1999.07,NewYork,326,1999.07,1998-1999
NewYork_354_2005.01,NewYork,354,2005.01,2004-2005
NewYork_37_2003.95,NewYork,37,2003.95,2003-2004
NewYork_663_1994.98,NewYork,663,1994.98,1994-1995
NewYork_322_1999.23,NewYork,322,1999.23,1998-1999
NewYork_498_2004.05,NewYork,498,2004.05,2003-2004
NewYork_424_1999.98,NewYork,424,1999.98,1999-2000
NewYork_734_1994.03,NewYork,734,1994.03,1993-1994
NewYork_713_1994.14,NewYork,713,1994.14,1993-1994
NewYork_73_2004.82,NewYork,73,2004.82,2004-2005
NewYork_118_2002.1,NewYork,118,2002.1,2001-2002
NewYork_86_2002.18,NewYork,86,2002.18,2001-2002
NewYork_578_1997.01,NewYork,578,1997.01,1996-1997
NewYork_93_2002.16,NewYork,93,2002.16,2001-2002
NewYork_680_1995.12,NewYork,680,1995.12,1994-1995
NewYork_45_2003.96,NewYork,45,2003.96,2003-2004
NewYork_579_1997.02,NewYork,579,1997.02,1996-1997
NewYork_752_1994.01,NewYork,752,1994.01,1993-1994
NewYork_130_2002.21,NewYork,130,2002.21,2001-2002
NewYork_162_2000.13,NewYork,162,2000.13,1999-2000
NewYork_11_2003.85,NewYork,11,2003.85,2003-2004
NewYork_232_2004.96,NewYork,232,2004.96,2004-2005
NewYork_655_1994.89,NewYork,655,1994.89,1994-1995
NewYork_657_1994.93,NewYork,657,1994.93,1994-1995
NewYork_175_2000.03,NewYork,175,2000.03,1999-2000
NewYork_548_1998.13,NewYork,548,1998.13,1997-1998
NewYork_383_2005.02,NewYork,383,2005.02,2004-2005
NewYork_34_2003.94,NewYork,34,2003.94,2003-2004
NewYork_236_2005.01,NewYork,236,2005.01,2004-2005
NewYork_676_1995.06,NewYork,676,1995.06,1994-1995
NewYork_664_1995.21,NewYork,664,1995.21,1994-1995
NewYork_659_1994.95,NewYork,659,1994.95,1994-1995
NewYork_561_1996.99,NewYork,561,1996.99,1996-1997
NewYork_110_2002.1,NewYork,110,2002.1,2001-2002
NewYork_526_1998.01,NewYork,526,1998.01,1997-1998
NewYork_692_1995.06,NewYork,692,1995.06,1994-1995
NewYork_669_1995.04,NewYork,669,1995.04,1994-1995
NewYork_25_2003.98,NewYork,25,2003.98,2003-2004
NewYork_471_2004.88,NewYork,471,2004.88,2004-2005
NewYork_363_2004.98,NewYork,363,2004.98,2004-2005
NewYork_44_2003.96,NewYork,44,2003.96,2003-2004
NewYork_647_1996,NewYork,647,1996,1995-1996
NewYork_311_1999.18,NewYork,311,1999.18,1998-1999
NewYork_732_1994.03,NewYork,732,1994.03,1993-1994
NewYork_13_2003.88,NewYork,13,2003.88,2003-2004
NewYork_339_1999.13,NewYork,339,1999.13,1998-1999
NewYork_544_1998.11,NewYork,544,1998.11,1997-1998
NewYork_16_2003.88,NewYork,16,2003.88,2003-2004
NewYork_149_1999.93,NewYork,149,1999.93,1999-2000
NewYork_434_2000.04,NewYork,434,2000.04,1999-2000
NewYork_124_2001.93,NewYork,124,2001.93,2001-2002
NewYork_475_2003.96,NewYork,475,2003.96,2003-2004
NewYork_667_1995.04,NewYork,667,1995.04,1994-1995
NewYork_407_2002.04,NewYork,407,2002.04,2001-2002
NewYork_428_1999.76,NewYork,428,1999.76,1999-2000
NewYork_688_1994.96,NewYork,688,1994.96,1994-1995
NewYork_527_1998.22,NewYork,527,1998.22,1997-1998
NewYork_744_1994.06,NewYork,744,1994.06,1993-1994
NewYork_215_2003.33,NewYork,215,2003.33,2002-2003
NewYork_172_2000,NewYork,172,2000,1999-2000
NewYork_178_2000.18,NewYork,178,2000.18,1999-2000
NewYork_12_2003.97,NewYork,12,2003.97,2003-2004
NewYork_631_1996.27,NewYork,631,1996.27,1995-1996
NewYork_150_2000.09,NewYork,150,2000.09,1999-2000
NewYork_731_1994.2,NewYork,731,1994.2,1993-1994
NewYork_733_1994.12,NewYork,733,1994.12,1993-1994
NewYork_590_1996.96,NewYork,590,1996.96,1996-1997
NewYork_470_2004.76,NewYork,470,2004.76,2004-2005
NewYork_709_1994.03,NewYork,709,1994.03,1993-1994
NewYork_539_1998.13,NewYork,539,1998.13,1997-1998
NewYork_608_1996.27,NewYork,608,1996.27,1995-1996
NewYork_469_2004.74,NewYork,469,2004.74,2004-2005
NewYork_747_1994.05,NewYork,747,1994.05,1993-1994
NewYork_285_1999.08,NewYork,285,1999.08,1998-1999
NewYork_31_2004.03,NewYork,31,2004.03,2003-2004
NewYork_304_1999.01,NewYork,304,1999.01,1998-1999
NewYork_188_1999.97,NewYork,188,1999.97,1999-2000
NewYork_410_2002.06,NewYork,410,2002.06,2001-2002
NewYork_687_1995.12,NewYork,687,1995.12,1994-1995
NewYork_610_1995.98,NewYork,610,1995.98,1995-1996
NewYork_571_1996.98,NewYork,571,1996.98,1996-1997
NewYork_273_2002.01,NewYork,273,2002.01,2001-2002
NewYork_94_2002,NewYork,94,2002,2001-2002
NewYork_599_1996.98,NewYork,599,1996.98,1996-1997
NewYork_330_1999.01,NewYork,330,1999.01,1998-1999
NewYork_397_1999.11,NewYork,397,1999.11,1998-1999
NewYork_8_2004.01,NewYork,8,2004.01,2003-2004
NewYork_406_2002.04,NewYork,406,2002.04,2001-2002
NewYork_436_2000.04,NewYork,436,2000.04,1999-2000
NewYork_739_1994.14,NewYork,739,1994.14,1993-1994
NewYork_148_2000.13,NewYork,148,2000.13,1999-2000
NewYork_711_1994.05,NewYork,711,1994.05,1993-1994
NewYork_535_1998.19,NewYork,535,1998.19,1997-1998
NewYork_61A_2003.99,NewYork,61A,2003.99,2003-2004
NewYork_701_1995.16,NewYork,701,1995.16,1994-1995
NewYork_588_1997.01,NewYork,588,1997.01,1996-1997
NewYork_240_1999.01,NewYork,240,1999.01,1998-1999
NewYork_76_2002.05,NewYork,76,2002.05,2001-2002
NewYork_152_2000.07,NewYork,152,2000.07,1999-2000
NewYork_274_2002.18,NewYork,274,2002.18,2001-2002
NewYork_129_2002.14,NewYork,129,2002.14,2001-2002
NewYork_112_2002.1,NewYork,112,2002.1,2001-2002
NewYork_160_2000.02,NewYork,160,2000.02,1999-2000
NewYork_2_2003.84,NewYork,2,2003.84,2003-2004
NewYork_413_2002.13,NewYork,413,2002.13,2001-2002
NewYork_440_2000.08,NewYork,440,2000.08,1999-2000
NewYork_589_1996.98,NewYork,589,1996.98,1996-1997
NewYork_740_1994.05,NewYork,740,1994.05,1993-1994
NewYork_433_2000.03,NewYork,433,2000.03,1999-2000
NewYork_115_2002.12,NewYork,115,2002.12,2001-2002
NewYork_453_1999.05,NewYork,453,1999.05,1998-1999
NewYork_24_2003.94,NewYork,24,2003.94,2003-2004
NewYork_636_1996.07,NewYork,636,1996.07,1995-1996
NewYork_99_2002.08,NewYork,99,2002.08,2001-2002
NewYork_372_2005,NewYork,372,2005,2004-2005
NewYork_431_2000.02,NewYork,431,2000.02,1999-2000
NewYork_613_1996.04,NewYork,613,1996.04,1995-1996
NewYork_418_2002.06,NewYork,418,2002.06,2001-2002
NewYork_335_1999.07,NewYork,335,1999.07,1998-1999
NewYork_457_1999.06,NewYork,457,1999.06,1998-1999
NewYork_460_1999.08,NewYork,460,1999.08,1998-1999
NewYork_448_1998.91,NewYork,448,1998.91,1998-1999
NewYork_563_1996.88,NewYork,563,1996.88,1996-1997
NewYork_450_1999.04,NewYork,450,1999.04,1998-1999
NewYork_479_2003.88,NewYork,479,2003.88,2003-2004
NewYork_84_2002.01,NewYork,84,2002.01,2001-2002
NewYork_429_2000.02,NewYork,429,2000.02,1999-2000
NewYork_357_2005.15,NewYork,357,2005.15,2004-2005
NewYork_652_1995.93,NewYork,652,1995.93,1995-1996
NewYork_245_2004.9,NewYork,245,2004.9,2004-2005
NewYork_521_1998.07,NewYork,521,1998.07,1997-1998
NewYork_279_1999.16,NewYork,279,1999.16,1998-1999
NewYork_560_1997.03,NewYork,560,1997.03,1996-1997
NewYork_9_2003.85,NewYork,9,2003.85,2003-2004
NewYork_405_2002.04,NewYork,405,2002.04,2001-2002
NewYork_715_1994.59,NewYork,715,1994.59,1994-1995
NewYork_671_1995.03,NewYork,671,1995.03,1994-1995
NewYork_42_2003.96,NewYork,42,2003.96,2003-2004
NewYork_541_1998.21,NewYork,541,1998.21,1997-1998
NewYork_203_2003.37,NewYork,203,2003.37,2002-2003
NewYork_360_2004.9,NewYork,360,2004.9,2004-2005
NewYork_554_1996.88,NewYork,554,1996.88,1996-1997
NewYork_14_2003.94,NewYork,14,2003.94,2003-2004
NewYork_38_2003.99,NewYork,38,2003.99,2003-2004
NewYork_276_2002.2,NewYork,276,2002.2,2001-2002
NewYork_136_2002.23,NewYork,136,2002.23,2001-2002
NewYork_108_2002.1,NewYork,108,2002.1,2001-2002
NewYork_111_2002.12,NewYork,111,2002.12,2001-2002
NewYork_140_2000.01,NewYork,140,2000.01,1999-2000
NewYork_454_1999.05,NewYork,454,1999.05,1998-1999
NewYork_580_1996.95,NewYork,580,1996.95,1996-1997
NewYork_74_2002.07,NewYork,74,2002.07,2001-2002
NewYork_164_2000.01,NewYork,164,2000.01,1999-2000
NewYork_271_2003.93,NewYork,271,2003.93,2003-2004
NewYork_611_1996.01,NewYork,611,1996.01,1995-1996
NewYork_260_1999.13,NewYork,260,1999.13,1998-1999
NewYork_109_2002.1,NewYork,109,2002.1,2001-2002
NewYork_199_2003.24,NewYork,199,2003.24,2002-2003
NewYork_392_2004.99,NewYork,392,2004.99,2004-2005
NewYork_379_2004.94,NewYork,379,2004.94,2004-2005
NewYork_543_1998.15,NewYork,543,1998.15,1997-1998
NewYork_375_2005.1,NewYork,375,2005.1,2004-2005
NewYork_462_2005.13,NewYork,462,2005.13,2004-2005
NewYork_355_2004.86,NewYork,355,2004.86,2004-2005
NewYork_547_1998.01,NewYork,547,1998.01,1997-1998
NewYork_592_1996.94,NewYork,592,1996.94,1996-1997
NewYork_518_1998.03,NewYork,518,1998.03,1997-1998
NewYork_411_2002.08,NewYork,411,2002.08,2001-2002
NewYork_696_1995.01,NewYork,696,1995.01,1994-1995
NewYork_104_2002.07,NewYork,104,2002.07,2001-2002
NewYork_275_2002.03,NewYork,275,2002.03,2001-2002
NewYork_288_1999.17,NewYork,288,1999.17,1998-1999
NewYork_67_2004.01,NewYork,67,2004.01,2003-2004
NewYork_371_2004.96,NewYork,371,2004.96,2004-2005
NewYork_32_2003.93,NewYork,32,2003.93,2003-2004
NewYork_408_2002.05,NewYork,408,2002.05,2001-2002
NewYork_705_1994.1,NewYork,705,1994.1,1993-1994
NewYork_581_1997.06,NewYork,581,1997.06,1996-1997
NewYork_504_1998.02,NewYork,504,1998.02,1997-1998
NewYork_509_1997.99,NewYork,509,1997.99,1997-1998
NewYork_510_1998.16,NewYork,510,1998.16,1997-1998
NewYork_501_1997.92,NewYork,501,1997.92,1997-1998
NewYork_165_2000.07,NewYork,165,2000.07,1999-2000
NewYork_637_1996.06,NewYork,637,1996.06,1995-1996
NewYork_182_2000.15,NewYork,182,2000.15,1999-2000
NewYork_572_1996.96,NewYork,572,1996.96,1996-1997
NewYork_91_2002.07,NewYork,91,2002.07,2001-2002
NewYork_27_2003.84,NewYork,27,2003.84,2003-2004
NewYork_524_1998.02,NewYork,524,1998.02,1997-1998
NewYork_257_1999.11,NewYork,257,1999.11,1998-1999
NewYork_48_2003.96,NewYork,48,2003.96,2003-2004
NewYork_500_2004.96,NewYork,500,2004.96,2004-2005
NewYork_7_2003.85,NewYork,7,2003.85,2003-2004
NewYork_369_2005.03,NewYork,369,2005.03,2004-2005
NewYork_54_2003.96,NewYork,54,2003.96,2003-2004
NewYork_332_1999.15,NewYork,332,1999.15,1998-1999
NewYork_540_1998.14,NewYork,540,1998.14,1997-1998
NewYork_422_1999.97,NewYork,422,1999.97,1999-2000
NewYork_628_1995.96,NewYork,628,1995.96,1995-1996
NewYork_5_2004.04,NewYork,5,2004.04,2003-2004
NewYork_171_2000.01,NewYork,171,2000.01,1999-2000
NewYork_568_1996.96,NewYork,568,1996.96,1996-1997
NewYork_170_2000.03,NewYork,170,2000.03,1999-2000
NewYork_6_2004.04,NewYork,6,2004.04,2003-2004
NewYork_529_1998.18,NewYork,529,1998.18,1997-1998
NewYork_464_2005.2,NewYork,464,2005.2,2004-2005
NewYork_598_1996.98,NewYork,598,1996.98,1996-1997
NewYork_378_2005.03,NewYork,378,2005.03,2004-2005
NewYork_243_2005.11,NewYork,243,2005.11,2004-2005
NewYork_477_2003.9,NewYork,477,2003.9,2003-2004
NewYork_153_1999.96,NewYork,153,1999.96,1999-2000
NewYork_685_1995.12,NewYork,685,1995.12,1994-1995
NewYork_95_2002.18,NewYork,95,2002.18,2001-2002
NewYork_265_1999.1,NewYork,265,1999.1,1998-1999
NewYork_516_1998,NewYork,516,1998,1997-1998
NewYork_207_2004.96,NewYork,207,2004.96,2004-2005
NewYork_286_1999.23,NewYork,286,1999.23,1998-1999
NewYork_562_1996.97,NewYork,562,1996.97,1996-1997
NewYork_474_2004.02,NewYork,474,2004.02,2003-2004
NewYork_186_2000,NewYork,186,2000,1999-2000
NewYork_190_2004.88,NewYork,190,2004.88,2004-2005
NewYork_451_1999.05,NewYork,451,1999.05,1998-1999
NewYork_639_1995.98,NewYork,639,1995.98,1995-1996
NewYork_247_1998.85,NewYork,247,1998.85,1998-1999
NewYork_47_2003.97,NewYork,47,2003.97,2003-2004
NewYork_267_2003.93,NewYork,267,2003.93,2003-2004
NewYork_576_1997.03,NewYork,576,1997.03,1996-1997
NewYork_505_1997.94,NewYork,505,1997.94,1997-1998
NewYork_317_1999.03,NewYork,317,1999.03,1998-1999
NewYork_259_1999.11,NewYork,259,1999.11,1998-1999
NewYork_200_2004.92,NewYork,200,2004.92,2004-2005
NewYork_214_2003.33,NewYork,214,2003.33,2002-2003
NewYork_382_2005.1,NewYork,382,2005.1,2004-2005
NewYork_634_1996.95,NewYork,634,1996.95,1996-1997
NewYork_439_2000.08,NewYork,439,2000.08,1999-2000
NewYork_262_1999.08,NewYork,262,1999.08,1998-1999
NewYork_506_1998.11,NewYork,506,1998.11,1997-1998
NewYork_690_1995.06,NewYork,690,1995.06,1994-1995
NewYork_51_2003.96,NewYork,51,2003.96,2003-2004
NewYork_666_1995.12,NewYork,666,1995.12,1994-1995
NewYork_617_1996.23,NewYork,617,1996.23,1995-1996
NewYork_753_1994.14,NewYork,753,1994.14,1993-1994
NewYork_376_2005.07,NewYork,376,2005.07,2004-2005
NewYork_660_1995.18,NewYork,660,1995.18,1994-1995
NewYork_530_1998.07,NewYork,530,1998.07,1997-1998
NewYork_43_2003.96,NewYork,43,2003.96,2003-2004
NewYork_741_1994.18,NewYork,741,1994.18,1993-1994
NewYork_409_2002.06,NewYork,409,2002.06,2001-2002
NewYork_143_1999.92,NewYork,143,1999.92,1999-2000
NewYork_80_2002.01,NewYork,80,2002.01,2001-2002
NewYork_654_1994.85,NewYork,654,1994.85,1994-1995
NewYork_574_1996.96,NewYork,574,1996.96,1996-1997
NewYork_328_1999.01,NewYork,328,1999.01,1998-1999
NewYork_749_1994.04,NewYork,749,1994.04,1993-1994
NewYork_154_2000.08,NewYork,154,2000.08,1999-2000
NewYork_367_2005.15,NewYork,367,2005.15,2004-2005
NewYork_684_1995.08,NewYork,684,1995.08,1994-1995
NewYork_23_2003.98,NewYork,23,2003.98,2003-2004
NewYork_384_2005.04,NewYork,384,2005.04,2004-2005
NewYork_250_1998.96,NewYork,250,1998.96,1998-1999
NewYork_623_1996.01,NewYork,623,1996.01,1995-1996
NewYork_324_1999.09,NewYork,324,1999.09,1998-1999
NewYork_69_2004.04,NewYork,69,2004.04,2003-2004
NewYork_77_2002.01,NewYork,77,2002.01,2001-2002
NewYork_114_2002.19,NewYork,114,2002.19,2001-2002
NewYork_185_2000,NewYork,185,2000,1999-2000
NewYork_167_2000.01,NewYork,167,2000.01,1999-2000
NewYork_179_1999.92,NewYork,179,1999.92,1999-2000
NewYork_278_1999.11,NewYork,278,1999.11,1998-1999
NewYork_467_2004.73,NewYork,467,2004.73,2004-2005
NewYork_193_2003.16,NewYork,193,2003.16,2002-2003
NewYork_356_2004.94,NewYork,356,2004.94,2004-2005
NewYork_377_2004.99,NewYork,377,2004.99,2004-2005
NewYork_113_2002.1,NewYork,113,2002.1,2001-2002
NewYork_180_2000.13,NewYork,180,2000.13,1999-2000
NewYork_370_2004.99,NewYork,370,2004.99,2004-2005
NewYork_712_1993.93,NewYork,712,1993.93,1993-1994
NewYork_263_1999.13,NewYork,263,1999.13,1998-1999
NewYork_158_2000.06,NewYork,158,2000.06,1999-2000
NewYork_461_2005.11,NewYork,461,2005.11,2004-2005
NewYork_546_1998.09,NewYork,546,1998.09,1997-1998
NewYork_390_2005.04,NewYork,390,2005.04,2004-2005
NewYork_603_1996.96,NewYork,603,1996.96,1996-1997
NewYork_570_1996.96,NewYork,570,1996.96,1996-1997
NewYork_98_2004.87,NewYork,98,2004.87,2004-2005
NewYork_465_2005.21,NewYork,465,2005.21,2004-2005
NewYork_316_1999.09,NewYork,316,1999.09,1998-1999
NewYork_121_2002.18,NewYork,121,2002.18,2001-2002
NewYork_520_1998.03,NewYork,520,1998.03,1997-1998
NewYork_331_1999.09,NewYork,331,1999.09,1998-1999
NewYork_438_2000.07,NewYork,438,2000.07,1999-2000
NewYork_679_1995.18,NewYork,679,1995.18,1994-1995
NewYork_549_1998.07,NewYork,549,1998.07,1997-1998
NewYork_622_1996.04,NewYork,622,1996.04,1995-1996
NewYork_641_1996.02,NewYork,641,1996.02,1995-1996
NewYork_648_1996.02,NewYork,648,1996.02,1995-1996
NewYork_4_2003.96,NewYork,4,2003.96,2003-2004
NewYork_101_2002.12,NewYork,101,2002.12,2001-2002
NewYork_677_1995.15,NewYork,677,1995.15,1994-1995
NewYork_555_1996.99,NewYork,555,1996.99,1996-1997
NewYork_693_1995.23,NewYork,693,1995.23,1994-1995
NewYork_512_1998.1,NewYork,512,1998.1,1997-1998
NewYork_683_1995.18,NewYork,683,1995.18,1994-1995
NewYork_107_2002.06,NewYork,107,2002.06,2001-2002
NewYork_280_1999.3,NewYork,280,1999.3,1998-1999
NewYork_169_2000.02,NewYork,169,2000.02,1999-2000
NewYork_602_1996.99,NewYork,602,1996.99,1996-1997
NewYork_583_1997.18,NewYork,583,1997.18,1996-1997
NewYork_192_2003.12,NewYork,192,2003.12,2002-2003
NewYork_96_2002.07,NewYork,96,2002.07,2001-2002
NewYork_523_1998.11,NewYork,523,1998.11,1997-1998
NewYork_670_1995.04,NewYork,670,1995.04,1994-1995
NewYork_519_1998.14,NewYork,519,1998.14,1997-1998
NewYork_550_1998.08,NewYork,550,1998.08,1997-1998
NewYork_716_1994.06,NewYork,716,1994.06,1993-1994
NewYork_427_2000.01,NewYork,427,2000.01,1999-2000
NewYork_103_2002.09,NewYork,103,2002.09,2001-2002
NewYork_728_1994.1,NewYork,728,1994.1,1993-1994
NewYork_320_1999.25,NewYork,320,1999.25,1998-1999
NewYork_586_1996.99,NewYork,586,1996.99,1996-1997
NewYork_480_2004.05,NewYork,480,2004.05,2003-2004
NewYork_283_1999.13,NewYork,283,1999.13,1998-1999
NewYork_176_2000.18,NewYork,176,2000.18,1999-2000
NewYork_183_1999.93,NewYork,183,1999.93,1999-2000
NewYork_556_1996.9,NewYork,556,1996.9,1996-1997
NewYork_472_2004.76,NewYork,472,2004.76,2004-2005
NewYork_248_1999.11,NewYork,248,1999.11,1998-1999
NewYork_168_2000.02,NewYork,168,2000.02,1999-2000
NewYork_674_1995.07,NewYork,674,1995.07,1994-1995
NewYork_238_2005.11,NewYork,238,2005.11,2004-2005
NewYork_736_1994.07,NewYork,736,1994.07,1993-1994
NewYork_432_2000.03,NewYork,432,2000.03,1999-2000
NewYork_522_1998.02,NewYork,522,1998.02,1997-1998
NewYork_50_2003.96,NewYork,50,2003.96,2003-2004
NewYork_191_2005.04,NewYork,191,2005.04,2004-2005
NewYork_468_2004.73,NewYork,468,2004.73,2004-2005
NewYork_593_1996.96,NewYork,593,1996.96,1996-1997
NewYork_81_2002.16,NewYork,81,2002.16,2001-2002
NewYork_419_2002.07,NewYork,419,2002.07,2001-2002
NewYork_682_1995.18,NewYork,682,1995.18,1994-1995
NewYork_20_2003.94,NewYork,20,2003.94,2003-2004
NewYork_340_1999.08,NewYork,340,1999.08,1998-1999
NewYork_456_1999.06,NewYork,456,1999.06,1998-1999
NewYork_201_2003.29,NewYork,201,2003.29,2002-2003
NewYork_404_2002.03,NewYork,404,2002.03,2001-2002
NewYork_463_2005.13,NewYork,463,2005.13,2004-2005
NewYork_196_2003.16,NewYork,196,2003.16,2002-2003
NewYork_619_1996.04,NewYork,619,1996.04,1995-1996
NewYork_361_2005.11,NewYork,361,2005.11,2004-2005
NewYork_97_2002.14,NewYork,97,2002.14,2001-2002
NewYork_595_1996.98,NewYork,595,1996.98,1996-1997
NewYork_313_1999.01,NewYork,313,1999.01,1998-1999
NewYork_66_2004,NewYork,66,2004,2003-2004
NewYork_421_2000.02,NewYork,421,2000.02,1999-2000
NewYork_632_1996.18,NewYork,632,1996.18,1995-1996
NewYork_565_1996.94,NewYork,565,1996.94,1996-1997
NewYork_499_2004.06,NewYork,499,2004.06,2003-2004
NewYork_745_1994.12,NewYork,745,1994.12,1993-1994
NewYork_65_2004.01,NewYork,65,2004.01,2003-2004
NewYork_52_2004.12,NewYork,52,2004.12,2003-2004
NewYork_88_2002.18,NewYork,88,2002.18,2001-2002
NewYork_106_2002.07,NewYork,106,2002.07,2001-2002
NewYork_218_2004.96,NewYork,218,2004.96,2004-2005
NewYork_569_1997.02,NewYork,569,1997.02,1996-1997
NewYork_532_1998.07,NewYork,532,1998.07,1997-1998
NewYork_29_2003.97,NewYork,29,2003.97,2003-2004
NewYork_387_2005.01,NewYork,387,2005.01,2004-2005
NewYork_157_1999.97,NewYork,157,1999.97,1999-2000
NewYork_3_2003.96,NewYork,3,2003.96,2003-2004
NewYork_485_2003.07,NewYork,485,2003.07,2002-2003
NewYork_618_1996.01,NewYork,618,1996.01,1995-1996
NewYork_181_1999.95,NewYork,181,1999.95,1999-2000
NewYork_368_2004.88,NewYork,368,2004.88,2004-2005
NewYork_33_2004.04,NewYork,33,2004.04,2003-2004
NewYork_435_2000.04,NewYork,435,2000.04,1999-2000
NewYork_737_1994.11,NewYork,737,1994.11,1993-1994
NewYork_213_2003.33,NewYork,213,2003.33,2002-2003
NewYork_625_1996.05,NewYork,625,1996.05,1995-1996
NewYork_22_2003.94,NewYork,22,2003.94,2003-2004
NewYork_337_1999.2,NewYork,337,1999.2,1998-1999
NewYork_128_2002.09,NewYork,128,2002.09,2001-2002
NewYork_195_2003.15,NewYork,195,2003.15,2002-2003
NewYork_388_2005.1,NewYork,388,2005.1,2004-2005
NewYork_46_2003.96,NewYork,46,2003.96,2003-2004
NewYork_394_2005.03,NewYork,394,2005.03,2004-2005
NewYork_60A_2003.98,NewYork,60A,2003.98,2003-2004
NewYork_426_1999.99,NewYork,426,1999.99,1999-2000
NewYork_727_1994.1,NewYork,727,1994.1,1993-1994
NewYork_714_1994.05,NewYork,714,1994.05,1993-1994
NewYork_58_2003.98,NewYork,58,2003.98,2003-2004
NewYork_314_1999.11,NewYork,314,1999.11,1998-1999
NewYork_359_2005.07,NewYork,359,2005.07,2004-2005
NewYork_151_1999.94,NewYork,151,1999.94,1999-2000
NewYork_452_1999.05,NewYork,452,1999.05,1998-1999
NewYork_338_1999.12,NewYork,338,1999.12,1998-1999
NewYork_133_2002.12,NewYork,133,2002.12,2001-2002
NewYork_415_2002.16,NewYork,415,2002.16,2001-2002
NewYork_249_1998.96,NewYork,249,1998.96,1998-1999
NewYork_730_1994.02,NewYork,730,1994.02,1993-1994
NewYork_290_1999.15,NewYork,290,1999.15,1998-1999
NewYork_261_1999.29,NewYork,261,1999.29,1998-1999
NewYork_184_1999.99,NewYork,184,1999.99,1999-2000
NewYork_584_1997.02,NewYork,584,1997.02,1996-1997
NewYork_216_2003.33,NewYork,216,2003.33,2002-2003
NewYork_40_2003.95,NewYork,40,2003.95,2003-2004
NewYork_287_1999.01,NewYork,287,1999.01,1998-1999
NewYork_507_1997.98,NewYork,507,1997.98,1997-1998
NewYork_449_1999.03,NewYork,449,1999.03,1998-1999
NewYork_125_2002.06,NewYork,125,2002.06,2001-2002
NewYork_678_1995.07,NewYork,678,1995.07,1994-1995
NewYork_473_2003.92,NewYork,473,2003.92,2003-2004
NewYork_26_2003.94,NewYork,26,2003.94,2003-2004
NewYork_710_1994.12,NewYork,710,1994.12,1993-1994
NewYork_430_2000.02,NewYork,430,2000.02,1999-2000
NewYork_117_2002.11,NewYork,117,2002.11,2001-2002
NewYork_272_2003.93,NewYork,272,2003.93,2003-2004
NewYork_68_2004.87,NewYork,68,2004.87,2004-2005
NewYork_174_2000.03,NewYork,174,2000.03,1999-2000
NewYork_139_1999.94,NewYork,139,1999.94,1999-2000
NewYork_62A_2003.99,NewYork,62A,2003.99,2003-2004
NewYork_665_1994.97,NewYork,665,1994.97,1994-1995
NewYork_751_1993.87,NewYork,751,1993.87,1993-1994
NewYork_681_1995.15,NewYork,681,1995.15,1994-1995
NewYork_323_1999.08,NewYork,323,1999.08,1998-1999
NewYork_85_2002.02,NewYork,85,2002.02,2001-2002
NewYork_662_1995.04,NewYork,662,1995.04,1994-1995
NewYork_255_1999.13,NewYork,255,1999.13,1998-1999
NewYork_723_1994.02,NewYork,723,1994.02,1993-1994
NewYork_389_2005.03,NewYork,389,2005.03,2004-2005
NewYork_10_2004.1,NewYork,10,2004.1,2003-2004
NewYork_365_2004.98,NewYork,365,2004.98,2004-2005
NewYork_55_2003.96,NewYork,55,2003.96,2003-2004
NewYork_624_1996.14,NewYork,624,1996.14,1995-1996
NewYork_301_2001.08,NewYork,301,2001.08,2000-2001
NewYork_575_1996.98,NewYork,575,1996.98,1996-1997
NewYork_717_1994.07,NewYork,717,1994.07,1993-1994
NewYork_198_2003.2,NewYork,198,2003.2,2002-2003
NewYork_398_1999.24,NewYork,398,1999.24,1998-1999
NewYork_515_1997.99,NewYork,515,1997.99,1997-1998
NewYork_508_1997.99,NewYork,508,1997.99,1997-1998
NewYork_56_2003.98,NewYork,56,2003.98,2003-2004
NewYork_391_2005.04,NewYork,391,2005.04,2004-2005
NewYork_18_2003.94,NewYork,18,2003.94,2003-2004
NewYork_87_2002.04,NewYork,87,2002.04,2001-2002
NewYork_725_1994.1,NewYork,725,1994.1,1993-1994
NewYork_253_1999.25,NewYork,253,1999.25,1998-1999
NewYork_28_2003.9,NewYork,28,2003.9,2003-2004
NewYork_49_2003.98,NewYork,49,2003.98,2003-2004
NewYork_347_1999.07,NewYork,347,1999.07,1998-1999
NewYork_596_1996.96,NewYork,596,1996.96,1996-1997
